"m","Re_omega","Im_omega"
3.5,5.512206320275224,0.2891291596176461
3.5240224435549896,5.532530265850785,0.2872623976243748
3.5482097664797956,5.5530163645936135,0.2854024503135599
3.5725631004330887,5.573665841775484,0.2835493501398117
3.597083584840743,5.5944799306890065,0.2817031290351094
3.62177236694915,5.6154598726891995,0.27986381840534286
3.64663060187888,5.636606917235338,0.27803144912694416
3.6716594526787474,5.657922321933135,0.2762060515436077
3.6968600903802105,5.67940735257719,0.2743876554631043
3.7222336940521696,5.701063283193767,0.27257629015418633
3.747781450856127,5.722891396083883,0.27077198434358885
3.7735045561017357,5.744892981866718,0.2689747662131246
3.7994042133027217,5.76706933952335,0.26718466339687663
3.825481634233195,5.789421776440832,0.265401702978488
3.851738038984343,5.8119516084565905,0.2636259114885511
3.8781746560215185,5.834660159903195,0.2618573149020958
3.9047927222417096,5.8575487636534564,0.2600959386361799
3.9315934830314205,5.880618761165902,0.25834180754757996
3.9585781923249317,5.9038715025306026,0.2565949459305863
3.985748112662972,5.927308346515377,0.2548553775149012
4.013104515251788,5.950930660612378,0.25312312546364196
4.0406486800226205,5.974739821085051,0.2513982123714493
4.068381895691589,5.998737213015497,0.24968066026270283
4.096305459819987,6.022924230352222,0.24797049058984244
4.124420678874993,6.047302275958303,0.2462677242317986
4.152728868290797,6.071872761659947,0.24457238149253074
4.181231352530138,6.0966371082954804,0.2428844820996752
4.209929465146283,6.121596745764764,0.24120404520330202
4.238824548845417,6.14675311307903,0.23953108937478304
4.267917955549459,6.172107658411158,0.23786563260577073
4.29721104645932,6.197661839146401,0.2362076923072877
4.326705192118593,6.22341712193356,0.23455728530892828
4.356401772477664,6.249374982736604,0.232914427858173
4.386302176958294,6.2755369068867815,0.2312791356198139
4.416407804518611,6.301904389135173,0.22965142367549404
4.446720063718574,6.328478933705749,0.22803130652335918
4.4772403727858645,6.355262054348878,0.22641879807782328
4.507970159682258,6.382255274395376,0.22481391166944603
4.538910862170414,6.409460126811003,0.22321666004492585
4.570063927881162,6.436878154251497,0.22162705536720415
4.601430814381226,6.464510909118113,0.22004510921568463
4.633012989241417,6.492359953613675,0.21847083258656544
4.664811930105299,6.52042685979916,0.2169042358932845
4.696829124758327,6.548713209650815,0.2153453289670784
4.729066071197452,6.577220595117805,0.21379412105765408
4.761524277701213,6.605950618180425,0.21225062083397306
4.794205262900297,6.63490489090884,0.21071483638514907
4.827110555848599,6.664085035522408,0.20918677522145668
4.860241696094763,6.69349268444956,0.2076664442754523
4.893600233754205,6.72312948038825,0.20615384990320684
4.927187729581647,6.752997076366994,0.20464899788564844
4.961005755044136,6.7830971358064875,0.20315189343001636
4.995055892394575,6.813431332581827,0.20166254117142407
5.0293397347457365,6.844001351085312,0.2001809451745324
5.063858886144821,6.874808886289884,0.19870710893532972
5.098614961648494,6.905855643813154,0.1972410353830215
5.133609587398444,6.937143339982056,0.19578272688202633
5.168844400697483,6.968673701898138,0.19433218523407775
5.204321050086136,7.000448467503478,0.1928894116804322
5.240041195419775,7.032469385647233,0.19145440690418158
5.276006507946289,7.064738216152857,0.19002717103266847
5.31221867038426,7.09725672988594,0.18860770364000548
5.34867937700171,7.130026708822741,0.1871960037496948
5.385390333695357,7.163049946119358,0.1857920698373496
5.422353258070438,7.196328246181587,0.18439589983351395
5.459569879521072,7.22986342473546,0.18300749112658163
5.497041939311162,7.263657308898447,0.1816268405658123
5.534771190655881,7.297711737251385,0.18025394446444284
5.5727593988036865,7.332028559911069,0.1788887986028947
5.611008341118915,7.366609638603565,0.1775313982320734
5.649519807164946,7.4014568467382365,0.17618173807676105
5.688295598787924,7.43657206948247,0.17483981233909918
5.727337530201062,7.471957203837135,0.17350561470216136
5.766647428069528,7.507614158712773,0.1721791383336133
5.806227131595909,7.543544855006511,0.17086037588945965
5.846078492606255,7.579751225679715,0.1695493195178761
5.886203375636733,7.61623521583641,0.16824596086312427
5.9266036580208565,7.652998782802418,0.16695029106954923
5.967281229977315,7.690043896205275,0.1656623007856572
6.008237994698424,7.727372538054909,0.16438198016827157
6.049475868439165,7.764986702825086,0.1631093188867665
6.090996780606837,7.802888397535614,0.16184430612737588
6.132802673851339,7.841079641835363,0.16058693059757576
6.174895504156048,7.879562468086024,0.15933718053053944
6.2172772409293495,7.918338921446702,0.15809504368966207
6.259949867096764,7.957411059959273,0.15686050737315482
6.302915379193736,7.996780954634563,0.15563355841870485
6.34617578745904,8.036450689539324,0.15441418320820097
6.389733115928834,8.076422361884026,0.15320236767252243
6.433589402531363,8.116698082111466,0.1519980972963888
6.477746699182302,8.157279973986197,0.15080135712326967
6.522207071880771,8.198170174684803,0.1496121317603518
6.566972600805973,8.239370834886953,0.14843040538356284
6.6120453804145525,8.280884118867387,0.14725616174264758
6.657427519538566,8.322712204588646,0.1460893841662977
6.703121141484153,8.36485728379471,0.14493005556733105
6.749128384130885,8.407321562105475,0.1437781584479189
6.795451400031792,8.450107259112094,0.14263367490486017
6.842092356514059,8.493216608473153,0.14149658663489972
6.889053435780458,8.53665185801176,0.14036687494008887
6.936336835011412,8.58041526981346,0.1392445207331873
6.983944766467831,8.624509120325072,0.13812950454310252
7.031879457594585,8.668935700454362,0.13702180652036708
7.080143151124745,8.713697315670645,0.13592140644264966
7.128738105184502,8.758796286106248,0.1348282837202995
7.1776665933988175,8.80423494665889,0.13374241740192175
7.226930904997806,8.850015647094935,0.1326637861799813
7.276533344923841,8.896140752153594,0.13159236839643418
7.3264762339393945,8.942612641651987,0.13052814204838376
7.376761908735621,8.989433710591152,0.1294710847937603
7.427392722041679,9.03660636926296,0.12842117395702185
7.4783710427348185,9.084133043357957,0.12737838653487413
7.52969925595121,9.132016174074126,0.1263426992020084
7.5813797631975355,9.18025821822659,0.1253140883168548
7.6334149824633535,9.228861648358246,0.12429252992734928
7.685807348334221,9.277828952851328,0.12327799977671264
7.738559312105619,9.327162636039946,0.12227047330923924
7.791673341897619,9.376865218323529,0.12126992567609464
7.845151922770378,9.42693923628126,0.12027633174111875
7.898997556840399,9.477387242787447,0.11928966608663423
7.953212763397602,9.52821180712786,0.11830990301925741
8.007800079023186,9.579415515117029,0.1173370165757104
8.062762057708321,9.63100096921652,0.11637098052863223
8.118101270973641,9.68297078865419,0.11541176839238776
8.173820307989544,9.735327609544385,0.1144593534288726
8.229921775697347,9.78807408500916,0.11351370865331178
8.286408298931253,9.841212885300475,0.11257480684005111
8.343282520541164,9.89474669792337,0.11164262052833934
8.400547101516317,9.948678227760121,0.11071712202809987
8.458204721109803,10.003010197195442,0.10979828342568931
8.516258076963922,10.057745346242648,0.1088860765896427
8.574709885236379,10.112886432670823,0.1079804731764031
8.63356288072738,10.168436232133029,0.10708144463603393
8.69281981700759,10.224397538295506,0.10618896221791274
8.75248346654695,10.28077316296789,0.10530299697640526
8.812556620844411,10.337565936234475,0.10442351977651733
8.873042090558522,10.39477870658647,0.10355050129952471
8.93394270563895,10.452414341055318,0.10268391204857777
8.995261315458874,10.510475725347032,0.10182372235428098
9.0570007889483,10.568965763977564,0.10096990238024528
9.119164014728305,10.627887380409252,0.10012242212861164
9.181753901246164,10.687243517188264,0.09928125144554574
9.244773376911448,10.747037136083142,0.09844636002670104
9.308225390233032,10.807271218224372,0.09761771742264996
9.37211290995703,10.86794876424501,0.09679529304428201
9.436438925205726,10.92907279442242,0.09597905616816667
9.501206445617402,10.990646348821013,0.09516897594188137
9.56641850148716,11.052672487436105,0.09436502138930225
9.632078143908702,11.115154290338854,0.09356716141585719
9.698188444917074,11.178094857822236,0.09277536481374002
9.764752497632411,11.24149731054817,0.09198960026708453
9.831773416404642,11.305364789695671,0.09120983635709796
9.899254336959226,11.369700457110167,0.09043604156715208
9.967198416543827,11.434507495453829,0.0896681842878322
10.035608834076056,11.499789108357085,0.08890623282194174
10.104488790292217,11.565548520571218,0.08815015538946251
10.173841507897027,11.631788978122042,0.08739992013246987
10.243670231714415,11.698513748464752,0.08665549512000124
10.313978228839353,11.765726120639865,0.08591684835287763
10.384768788790696,11.833429405430294,0.08518394776847778
10.456045223665084,11.901626935519552,0.08445676124546368
10.52781086829192,11.970322065651098,0.08373525660845677
10.60006908038939,12.039518172788828,0.08301940163266455
10.672823240721574,12.109218656278722,0.08230916404845659
10.74607675325661,12.179426938011622,0.08160451154588969
10.819833045325955,12.250146462587173,0.08090541177918145
10.89409556778474,12.321380697478933,0.08021183237113169
10.968867795173251,12.393133133200676,0.07952374091749087
11.044153225879453,12.465407283473809,0.07884110499127618
11.119955382302694,12.53820668539601,0.07816389214703337
11.196277811018518,12.611534899611074,0.07749206992504472
11.273124082944566,12.68539551047986,0.07682560585548316
11.350497793507694,12.75979212625255,0.0761644674625107
11.428402562812142,12.834728379241994,0.07550862226832289
11.506842035808962,12.91020792599836,0.07485803779713678
11.58581988246651,12.986234447484922,0.07421268157912413
11.66533979794218,13.062811649255105,0.07357252115428803
11.745405502755274,13.139943261630744,0.07293752407628379
11.826020742961102,13.217633039881592,0.07230765791618295
11.907189290326228,13.29588476440602,0.07168289026618128
11.988914942504929,13.374702240912983,0.07106318874324988
12.071201523216898,13.454089300605244,0.07044852099272914
12.154052882426154,13.53404980036386,0.06983885469186599
12.237472896521135,13.614587622933874,0.0692341575532943
12.321465468496111,13.695706677111355,0.06863439732845766
12.406034528133738,13.777410897931615,0.06803954181097566
12.491184032188984,13.859704246858822,0.06744955883995224
12.576917964574196,13.942590711976774,0.06686441630322781
12.663240336545549,14.026074308181082,0.06628408214057335
12.750155186890678,14.110159077372563,0.06570852434682813
12.83766658211766,14.194849088651983,0.06513771097498008
12.925778616645292,14.280148438516141,0.0645716101391892
13.014495412994627,14.366061251055195,0.06401019001775449
13.103821121981863,14.452591678151377,0.06345341885602399
13.19375992291258,14.539743899679063,0.06290126496924811
13.284316023777228,14.627522123706099,0.06235369674537719
13.375493661448036,14.715930586696555,0.061810682647802324
13.46729710187725,14.804973553714818,0.06127219121804044
13.559730640296719,14.894655318631049,0.06073819107836364
13.652798601418837,14.984980204327968,0.06020865093437319
13.7465053396389,15.075952562909093,0.05968353957751801
13.840855239238858,15.167576775908344,0.05916282588755815
13.935852714592398,15.259857254500997,0.05864647883497395
14.031502210371531,15.352798439716114,0.05813446748332036
14.127808201754497,15.446404802650328,0.05762676099152752
14.224775194635171,15.540680844683068,0.05712332861614742
14.322407725833903,15.63563109769326,0.056624139713546996
14.420710363309729,15.731260124277359,0.05612916374204867
14.519687706374151,15.827572517968951,0.055638370264017536
14.619344385906285,15.924572903459707,0.055151728947896834
14.719685064569537,16.022265936821864,0.054669209570191134
14.820714437029784,16.120656305732165,0.05419078201739801
14.922437230174973,16.21974872969725,0.05371641628788896
15.024858203336338,16.319547960280605,0.053246082493739064
15.12798214851102,16.420058781330905,0.05277975086250705
15.231813890586304,16.521286009211973,0.05231739173896499
15.336358287565371,16.623234493034214,0.051858975586778905
15.441620230794552,16.725909114887546,0.051404472990140566
15.547604645192228,16.829314790075923,0.05095385465535055
15.654316489479212,16.933456467353366,0.05050709141235373
15.76176075641077,17.038339129161553,0.05006415421622703
15.869942473010234,17.14396779186902,0.04962501414862022
15.978866700804188,17.25034750601187,0.049189642419150394
16.08853853605927,17.357483356536115,0.04875801036675038
16.198963110020628,17.465380463041583,0.0483300894609717
16.310145589152015,17.574043980027508,0.04790585130324245
16.42209117537747,17.683479097139607,0.04748526762808109
16.534805106324725,17.79369103941888,0.04706831030426603
16.648292655570284,17.904685067552073,0.04665495133596184
16.762559132886118,18.01646647812367,0.046245162863802924
16.877609884488095,18.129040603869647,0.045838917165934655
16.993450293286173,18.242412813932898,0.04543618665901266
17.110085779136167,18.35658851412024,0.04503694389916131
17.22752179909341,18.471573147161262,0.04464116158289101
17.34576384766801,18.58737219296872,0.04424881254797587
17.464817457081946,18.70399116890076,0.04385986977429154
17.58468819752793,18.821435630024858,0.04347430638461401
17.705381677429997,18.939711169383422,0.043092095645380156
17.826903543705892,19.058823418261213,0.04271321096741028
17.949259482031295,19.178778046454497,0.04233762590659336
18.072455217105862,19.299580762542025,0.04196531416453535
18.196496512921,19.42123731415767,0.041596249589171644
18.32138917302964,19.543753488265047,0.041230406175343425
18.447139040817678,19.667135111433744,0.04086775806533934
18.573751999777414,19.791388050117522,0.040508279549402386
18.70123397378286,19.916518210934317,0.040151945066202774
18.829590927366823,20.042531540948012,0.03979872920327767
18.958828866000026,20.169434027952164,0.0394486066974378
19.088953836372088,20.297231700755574,0.03910155243514177
19.219971926674386,20.425930629469697,0.03875754145283887
19.35188926688497,20.555536925798027,0.03841654893728033
19.4847120290553,20.686056743327306,0.03807855022580031
19.61844642759908,20.81749627782076,0.03774352080656641
19.75309871958297,20.94986176751316,0.03741143631880093
19.888675205019343,21.083159493407905,0.037082272552973035
20.025182227161086,21.217395779576094,0.0367560054509623
20.162626172798337,21.352576993457483,0.03643261110619455
20.30101347255732,21.48870954616351,0.03611206576375025
20.4403506012012,21.625799892782275,0.03579434582044595
20.58064407793308,21.763854532685638,0.03547942782488943
20.721900466700937,21.902880009838185,0.03516728847750917
20.864126376504775,22.04288291310839,0.0348579046305584
21.007328461705857,22.183869876581802,0.03455125328809437
21.151513422337995,22.32584757987623,0.0342473116059336
21.296688004421053,22.46882274845911,0.033946056891583136
21.442859000276613,22.61280215396701,0.033647466604148656
21.590033248845682,22.757792614527062,0.033351518354220046
21.73821763600876,22.903800995080797,0.033058189903734415
21.88741909490794,23.0508342077099,0.03276745916581772
22.037644606271318,23.19889921196425,0.032479304204604924
22.18890119873962,23.34800301519215,0.03219370323503949
22.341195949195047,23.498152672872695,0.031910634622652576
22.49453598309234,23.649355288950357,0.03163007688332253
22.648928474792204,23.80161801617183,0.03135200868301496
22.80438064789698,23.95494805642513,0.03107640883750391
22.96089977558858,24.109352661080884,0.030803256312074836
23.11849318096883,24.26483913133598,0.030532530221209397
23.277168237402048,24.421414818559423,0.030264209828252998
23.43693236886004,24.57908712464057,0.02999827454506513
23.597793050269495,24.737863502339675,0.02973470393165312
23.759757807861615,24.89775145564069,0.029473477695789906
23.92283421952436,25.05875854010658,0.02921457569261577
24.08702991515691,25.22089236323685,0.028957977924225085
24.25235257702668,25.384160584827544,0.02870366453923797
24.418809940128785,25.548570917333706,0.028451615832357502
24.586409792547858,25.714131126234086,0.02820181224391301
24.75515997582253,25.88084903039852,0.02795423435938949
24.925068385312237,26.048732502457554,0.027708862908943963
25.09614297056664,26.21778946917466,0.0274656787669089
25.268391735697616,26.388027911820988,0.02722466295128305
25.441822739753658,26.559455866552454,0.02698579662321042
25.616444097097038,26.732081424789587,0.026749061086447264
25.79226397778335,26.905912733599685,0.026514437786818
25.96929060794383,27.080957996081725,0.026281908311659927
26.14753227017024,27.257225471753785,0.02605145438925736
26.326997303902374,27.43472347694306,0.025823057888265614
26.507694105818203,27.61346038517846,0.025596700817124993
26.689631130226754,27.793444627585924,0.025372365323465196
26.872816889463728,27.97468469328641,0.025150033693500433
27.057259954289655,28.1571891297964,0.024929688351415825
27.24296895429097,28.34096654343128,0.024711311858745033
27.42995257828378,28.526025599711375,0.024494886913739685
27.618219574720307,28.712375023770626,0.02428039635073098
27.807778752098326,28.900023600768208,0.024067823139483458
27.998638979373155,29.088980176302677,0.023857150384541677
28.190809186372746,29.279253656829194,0.023648361324569638
28.38429836421536,29.470853010079253,0.02344143933168372
28.57911556573033,29.663787265483506,0.023236367910778963
28.77526990588155,29.858065514597264,0.02303313069884936
28.972770562194025,30.053696911528995,0.022831711464302126
29.171626775183157,30.25069067337158,0.022632094106266556
29.371847848787187,30.449056080636623,0.022434262653897332
29.573443150802408,30.648802477691557,0.02223820126567299
29.77642211332152,30.849939273199823,0.022043894228689374
29.980794233174873,31.052475940563905,0.021851325957948704
30.186569072374944,31.256422018371588,0.021660480995644108
30.393756258563503,31.461787110844845,0.02147134401044044
30.6023654854622,31.668580888292126,0.02128389979675095
30.81240651332612,31.876813087563587,0.021098133274010465
31.023889169400352,32.086493512509286,0.02091402948594532
31.23682334837983,32.29763203444063,0.02073157359984
31.451219012872308,32.51023859259494,0.020550750905800892
31.667086193864403,32.72432319460301,0.020371546816017445
31.884434991191014,32.93989591696004,0.02019394686402066
32.103275574007775,33.1569669054996,0.020017936703939462
32.32361818126688,33.375546375870876,0.019843502109754867
32.545473122196185,33.5956446140192,0.01967062897455227
32.76885077678145,33.8172719766697,0.019499303309772124
32.993761596252035,34.04043889181435,0.019329511244459013
33.220216103569975,34.265155859202366,0.019161239024509363
33.448224893922145,34.491433450833725,0.018994473011918197
33.677798635216114,34.71928231145624,0.018829199684024682
33.90894806857919,34.948713159065925,0.01866540563275703
34.14168400886107,35.17973678541079,0.018503077563876653
34.37601734513968,35.41236405649797,0.018342202296221986
34.611959041230826,35.6466059131045,0.018182766760951798
34.84952013620101,35.882473371291276,0.018024758000788548
35.08871174488396,36.119977522920735,0.017868163169261594
35.32954505840077,36.35912953617806,0.017712969529950523
35.5720313446833,36.599940656095704,0.017559164455728932
35.816181949001596,36.84242220508179,0.017406735428008375
36.062008294494504,37.08658558345183,0.017255670035983106
36.30952188270423,37.33244226996422,0.017105955975875355
36.558734294114494,37.5800038223594,0.01695758105018144
36.809657188692285,37.829281877902574,0.016810533166918877
37.06230230643341,38.08028815393018,0.01666480033887451
37.316681467911785,38.33303444840008,0.01652037068285382
37.57280657483248,38.58753264044551,0.016377232418931565
37.8306896105886,38.84379469093284,0.01623537386970372
38.09034264082196,39.10183264302306,0.016094783459541066
38.3517778139875,39.36165862273705,0.01595544971384436
38.61500736192179,39.62328483952487,0.015817361258301153
38.88004360041531,39.88672358683885,0.01568050681814448
39.14689892978862,40.15198724271047,0.015544875217413505
39.415585835472534,40.41908827033135,0.015410455378216134
39.6861168885924,40.68803921863821,0.015277236319993656
39.958504746556095,40.95885272290156,0.015145207158787753
40.23276215364638,41.23154150531879,0.015014357106509568
40.50890194161705,41.50611837561094,0.014884675470211306
40.78693703029336,41.782596231623806,0.01475615165136015
41.06688042817655,42.06098805993308,0.014628775145114709
41.34874523305239,42.34130693645352,0.014502535539604091
41.63254463260398,42.62356602705235,0.014377422515209607
41.918291905028944,42.90777858816701,0.014253425843849104
42.20600041966043,43.193957967426776,0.014130535388264281
42.495683637592755,43.48211760427889,0.014008741101310682
42.787355112311275,43.772271030618974,0.013888033025250638
43.081028490326375,44.06443187142557,0.013768401291049259
43.37671751181202,44.35861384539916,0.013649836117673371
43.67443601124867,44.65483076560559,0.013532327811393545
43.974197918070445,44.953096540123646,0.013415866765089327
44.27601725731697,45.25342517269744,0.013300443457557546
44.57990815028946,45.55583076339286,0.013186048452823973
44.88588481521144,45.86032750925875,0.013072672399458186
45.193961567894085,46.166929704992675,0.012960306029891734
45.50415282240584,46.47565174361089,0.01284894015973978
45.81647309174694,46.7865081171233,0.012738565687126037
46.13093698852842,47.09951341721278,0.012629173592011196
46.44755922565579,47.41468233591928,0.01252075493552483
46.766354617017335,47.732029666328415,0.01241330085930086
47.08733807817733,48.05157030326501,0.012306802584816484
47.41052462707382,48.37331924399123,0.01220125141273476
47.73592938472133,48.6972915889096,0.01209663872225075
48.06356757591831,49.023502542270705,0.011992955970441354
48.39345452995948,49.351967412885834,0.011890194691618762
48.725605681352874,49.68270161484435,0.011788346496687679
49.060036570542316,50.01572066823633,0.011687403072506111
49.39676284463421,50.351040199879684,0.01158735618125007
49.73580025812976,50.68867594405257,0.011488197659781917
50.07716467366208,51.02864374323078,0.011389919419022503
50.420872062738404,51.370959548830086,0.011292513443327129
50.76693850648711,51.71563942195355,0.011195971789865363
51.11538019641045,52.062699534144414,0.011100286588004531
51.46621343514193,52.41215616814369,0.011005450038697207
51.81945463720902,52.76402571865299,0.010911454413872501
52.17512032980119,53.11832469310281,0.010818292055831201
52.53322715354336,53.47506971242608,0.010725955376644745
52.89379186327405,53.8342775118365,0.010634436857558244
53.25683132882975,54.195964941613006,0.010543729048397173
53.62236253583389,54.56014896788893,0.010453824566978147
53.99040258649167,54.926846673446896,0.010364716098523514
54.36096870039028,55.29607525851921,0.010276396395079853
54.73407821530453,55.66785204159352,0.010188858274940437
55.10974858800782,56.04219446022398,0.010102094622071622
55.48799739508929,56.41912007184841,0.010016098385543046
55.868842333775866,56.79864655461047,0.009930862578961901
56.25230122276036,57.18079170818781,0.009846380279911032
56.63839200303522,57.5655734546259,0.009762644629390969
57.02713273873189,57.95300983917745,0.009679648831265904
57.41854161796594,58.34311903114757,0.009597386151713594
57.812636953688084,58.735919324744884,0.009515849918679136
58.209437184540924,59.13142913993826,0.009435033521332709
58.608960875721905,59.52966702331983,0.009354930409531132
59.01122671985151,59.93065164897319,0.00927553409328348
59.41625353784819,60.33440181934835,0.009196838142220425
59.82406027980876,60.74093646614217,0.009118836185067591
60.23466602589507,61.150274651185,0.009041521909122736
60.6480899872267,61.56243556733339,0.008964889059736818
61.064351506779886,61.97743853936904,0.008888931439798922
61.483470060292355,62.395303024903555,0.008813642909225082
61.90546525717474,62.81604861528992,0.008739017384450891
62.330356841427864,63.239695036539715,0.008665048837928013
62.75816469256662,63.66626215024696,0.008591731297624477
63.18890882655002,64.09576995451815,0.008519058846528808
63.62260939671781,64.52823858490886,0.008447025622157942
64.05928669473315,64.96368831536631,0.008375625816068995
64.49896115153234,65.4021395591791,0.008304853673374702
64.94165333828042,65.84361286993276,0.00823470349226276
65.38738396733375,66.28812894247218,0.008165169623518816
65.83617389320908,66.73570861387078,0.008096246470053253
66.28804411355942,67.18637286440615,0.008027928486431657
66.74301577015616,67.64014281854219,0.00796021017840907
67.20111014987857,68.09703974591851,0.00789308610246784
67.66234868570949,68.55708506234602,0.007826550865359256
68.12675295773822,69.0203003308098,0.0077605991236487735
68.59434469417022,69.48670726247863,0.007695225583264916
69.06514577234373,69.95632771772156,0.007630424999051809
69.53917821975323,70.42918370713127,0.007566192174325349
70.01646421508022,70.90529739255476,0.007502521960432927
70.4970260892307,71.38469108813068,0.007439409256316799
70.98088632638024,71.86738726133434,0.007376849008080944
71.4680675650255,72.35340853402913,0.00731483620856158
71.95859259904411,72.84277768352621,0.007253365896901052
72.4524843787604,73.3355176436502,0.007192433158125412
72.94976601201972,73.83165150581337,0.007132033122725351
73.45046076526927,74.33120252009628,0.007072160966240691
73.95459206464695,74.83419409633659,0.007012811908848273
74.46218349707702,75.34064980522453,0.006953981214953358
74.9732588113741,75.85059337940676,0.006895664192784359
75.48784191935408,76.36404871459723,0.006837856193991032
76.00595689695288,76.88103987069569,0.006780552613246046
76.52762798535288,77.40159107291403,0.0067237488878498924
77.05287959211734,77.92572671291057,0.006667440497339121
77.58173629233191,78.45347134993143,0.006611622963097967
78.11422282975495,78.98484971196065,0.006556291847973182
78.65036411797485,79.51988669687736,0.006501442755892231
79.19018524157585,80.05860737362154,0.006447071331484704
79.73371145731157,80.6010369833673,0.006393173259706989
80.28096819528677,81.14720094070445,0.006339744265470159
80.83198106014711,81.69712483482824,0.006286780113271063
81.38677583227721,82.25083443073713,0.006234276606826586
81.9453784690068,82.80835567043884,0.006182229588711081
82.50781510582512,83.36971467416456,0.006130634939996952
83.07411205760373,83.93493774159158,0.006079488579898336
83.644295819828,84.50405135307463,0.006028786465417866
84.21839306983618,85.07708217088478,0.005978524590996586
84.79643066806818,85.65405704045801,0.005928698988166816
85.37843565932197,86.23500299165151,0.005879305725208145
85.96443527401901,86.81994724000884,0.005830340906806386
86.55445692947805,87.40891718803361,0.005781800673715573
87.14852823119837,88.00194042647254,0.005733681202422862
87.74667697415109,88.59904473560653,0.005685978704816446
88.34893114407953,89.20025808655093,0.0056386894278563915
88.95531891880871,89.80560864256476,0.005591809653248369
89.56586866956398,90.41512476036921,0.005545335697120259
90.18060896229775,91.0288349914742,0.005499263909701706
90.79956855902675,91.64676808351535,0.005453590675006412
91.42277641917725,92.26895298159917,0.005408312410517349
92.05026170094014,92.89541882965779,0.005363425566874732
92.68205376263522,93.52619497181315,0.005318926627566793
93.31818216408486,94.16131095375044,0.00527481210862331
93.95867666799656,94.80079652410049,0.0052310785583119315
94.6035672413561,95.44468163583268,0.005187722556837135
95.25288405682937,96.09299644765657,0.005144740716041971
95.90665749417369,96.7457713254331,0.005102129679112475
96.56491814165982,97.40303684359634,0.005059886120284704
97.22769679750277,98.0648237865841,0.0050180067445544565
97.89502447130272,98.73116315027863,0.004976488287389614
98.5669323854959,99.40208614345741,0.004935327514445068
99.24345197681568,100.07762418925388,0.004894521221280225
99.92461489776291,100.75780892662772,0.004854066233079113
100.6104530180874,101.442672211846,0.0048139594043729765
101.30099842627857,102.13224611997374,0.004774197618765445
101.996283431067,102.8265629463752,0.004734777788660172
102.69634056293594,103.52565520822519,0.0046956968549909705
103.40120257564374,104.22955564603127,0.004656951786954388
104.11090244775562,104.93829722516537,0.00461853958174478
104.82547338418705,105.65191313740692,0.004580457264291751
105.54494881775757,106.3704368024965,0.004542701887000011
106.26936241075443,107.09390186969921,0.0045052705294916515
106.99874805650792,107.82234221937988,0.004468160298350748
107.7331398809771,108.55579196458852,0.0044313683268703274
108.47257224434645,109.29428545265677,0.004394891774801652
109.21707974263335,110.03785726680523,0.004358727828105833
109.96669720930716,110.78654222776227,0.0043228736987076894
110.7214597169184,111.54037539539303,0.00428732662425194
111.48140257874009,112.29939207034049,0.004252083867861589
112.24656135041981,113.06362779567746,0.0042171427178985775
113.01697183164332,113.83311835856982,0.0041825004877266295
113.7926700678094,114.6078997919513,0.004148154515476317
114.5736923517166,115.3880083762099,0.004114102163812266
115.3600752252613,116.17348064088581,0.004080340819702551
116.15185548114643,116.96435336637992,0.00404686789419025
116.94907016460463,117.76066358567672,0.004013680822167035
117.75175657512962,118.56244858607552,0.003980777062148994
118.55995226822309,119.36974591093707,0.003948154096054398
119.37369505715033,120.18259336143906,0.0039158094289836725
120.19302301471077,121.00102899834633,0.003883740589001302
121.01797447501768,121.82509114379049,0.003851945126919883
121.84858803529353,122.65481838306496,0.0038204206160860612
122.68490255767443,123.49024956642931,0.0037891646521685945
123.5269571710291,124.33142381092789,0.0037581748529483105
124.37479127278921,125.17838050222008,0.0037274488581100695
125.22844453079344,126.03115929642405,0.0036969843290366408
126.08795688514196,126.8898001219711,0.003666778948604576
126.95336855006695,127.75434318147593,0.003636830420981888
127.82472001581266,128.62482895361646,0.0036071364714277392
128.70205205053034,129.50129819502868,0.003577694846093937
129.58540570218616,130.38379194221415,0.0035485033118283
130.47482230048084,131.27235151345963,0.0035195596559799125
131.37034345878394,132.16701851077104,0.0034908616862061627
132.27201107608062,133.06783482182007,0.0034624072302816182
133.17986733893198,133.97484262190423,0.0034341941359086977
134.09395472344934,134.88808437592104,0.003406220270530107
135.01431599728065,135.8076028403541,0.0033784835211430842
135.9409942216122,136.73344106527472,0.003350981794115345
136.87403275318306,137.66564239635613,0.003323713015002796
137.81347524631371,138.6042504769017,0.0032966751283689563
138.75936565494834,139.54930924988741,0.0032698660976060866
139.71174823471188,140.50086296001834,0.0032432839047579895
140.67066754497972,141.45895615579832,0.003216926550344526
141.6361684509632,142.4236336916152,0.0031907920531877446
142.60829612580832,143.39494072983945,0.0031648784502396796
143.5870960527101,144.3729227429381,0.0031391837964117562
144.5726140270389,145.357625515601,0.003113706164405865
145.5648961584852,146.34909514688545,0.003088443644546942
146.56398887321515,147.34737805237143,0.0030633943446172333
147.56993891604404,148.35252096633488,0.0030385563896920516
148.58279335262236,149.36457094393361,0.003013927921977146
149.60259957163842,150.3835753634097,0.0029895071006475755
150.62940528703547,151.4095819283064,0.0029652921016881276
151.66325854024393,152.4426386697002,0.00294128111773525
152.70420770242922,153.48279394844835,0.0029174723579204797
153.7523014767553,154.53009645745234,0.002893864047715347
154.80758890066252,155.5845952239355,0.002870454428777787
155.87011934816263,156.64633961173777,0.002847241758799968
156.93994253214862,157.71537932362534,0.002824224311357594
158.01710850672063,158.7917644036165,0.002801400375760627
159.10166766952779,159.87554523932303,0.0027787682569054375
160.1936707641267,160.9667725643087,0.0027563262751283406
161.29316888235454,162.06549746046218,0.0027340727660605663
162.40021346672097,163.17177136038853,0.0027120060804845508
163.51485631281304,164.28564604981412,0.002690124584191671
164.63714957172076,165.40717367001199,0.002668426657841245
165.76714575247541,166.53640672023985,0.0026469106968209526
166.90489772450707,167.67339806019748,0.002625575111108546
168.0504587201179,168.81820091249986,0.002604418325134884
169.2038823369736,169.97086886516843,0.00258343877764826
170.36522254060924,171.13145587413655,0.0025626349215800716
171.53453366695643,172.30001626577678,0.0025420052239116912
172.71187042488393,173.47660473944103,0.00252154816554268
173.89728789875784,174.66127637002074,0.002501262241160218
175.09084155101877,175.85408661052375,0.002481145959109791
176.29258722477758,177.0550912946699,0.0024611978412670973
177.50258114642614,178.26434663950158,0.0024414164229112196
178.7208799282703,179.48190924801656,0.00242180025259894
179.9475405711775,180.70783611181534,0.0024023478920403084
181.18262046724337,181.94218461376752,0.002383057915975386
182.42617740247758,183.18501253069772,0.0023639289120521477
183.67826955950724,184.43637803608848,0.0023449594807055715
184.93895552029915,185.6963397028025,0.002326148235037867
186.2082942689005,186.9649565058231,0.00230749380069986
187.4863451941993,188.24228782501447,0.0022889948157734934
188.77316809270192,189.5283934478991,0.0022706499306554746
190.06882317133156,190.8233335724559,0.002252457807942012
191.37337105024497,192.12716880993696,0.002234417122314663
192.68687276566862,193.43996018770332,0.0022165265604272713
194.00938977275445,194.7617691520807,0.0021987848207939845
195.34098394845566,196.09265757123498,0.002181190613678332
196.68171759442083,197.43268773806633,0.0021637426609833897
198.0316534399094,198.78192237312427,0.0021464396961429623
199.39085464472703,200.140424627543,0.0021292804640138203
200.7593848021797,201.50825808599538,0.0021122637207689745
202.13730794204974,202.88548676966855,0.0020953882337919564
203.5246885335914,204.2721751392596,0.0020786527815721163
204.9215914885472,205.66838809799157,0.002062056153600921
206.32808216418485,207.0741909946502,0.0020455971502692447
207.7442263663559,208.4896496266425,0.00202927458276563
209.17009035257334,209.9148302430741,0.0020130872729755465
210.6057408351125,211.34979954785,0.0019970340533815864
212.05124498413187,212.79462470279526,0.0019811137669646286
213.5066704308169,214.24937333079848,0.0019653252671059346
214.97208527054215,215.71411351897396,0.0019496674174902097
216.44755806605914,217.1889138218493,0.001934139092009551
217.93315785070416,218.673843264573,0.0019187391746683352
219.42895413162665,220.16897134614283,0.0019034665594890269
220.93501689304335,221.67436804265952,0.0018883201504188533
222.45141659951003,223.19010381059863,0.0018732988612374182
223.97822419922107,224.71624959010978,0.0018584016154651432
225.51551112732787,226.25287680833497,0.0018436273462726256
227.0633493092794,227.80005738274895,0.001828974996390864
228.62181116419063,229.3578637245274,0.0018144435180222987
230.19096960822824,230.9263687419326,0.0018000318727527543
231.7708980580232,232.50564584372583,0.001785739031464192
233.36167043410558,234.09576894260192,0.0017715639742483045
234.963361164363,235.69681245864763,0.0017575056903209375
236.5760451875235,237.30885132282435,0.001743563177937323
238.19979795666075,238.93196098047306,0.0017297354443081342
239.83469544272478,240.56621739484504,0.0017160215055163311
241.48081413809632,242.2116970506559,0.0017024203864348059
243.13823106016653,243.86847695766537,0.0016889311206448052
244.80702375493888,245.5366346542787,0.001675552750355153
246.4872703006584,247.21624821117607,0.0016622843263222225
248.17904931146452,248.90739623496506,0.0016491249077706818
249.88243994106907,250.61015787185858,0.0016360735623149986
251.59752188645962,252.32461281137807,0.0016231293658816894
253.32437539162933,254.05084129008316,0.0016102914026323056
255.0630812513287,255.78892409532324,0.0015975587648871816
256.8137208148493,257.5389425690212,0.0015849305530498642
258.576375989827,259.30097861147607,0.0015724058755323105
260.3511292460755,261.07511468519715,0.0015599838486807691
262.1380636194444,262.86143381876104,0.0015476635967023814
263.9372627157052,264.66001961069827,0.0015354442515924723
265.7488107144614,266.4709562334028,0.0015233249530625529
267.5727923730883,268.29432843707156,0.0015113048484689897
269.4092930306977,270.1302215536696,0.0014993830927423689
271.2583986121322,271.9787215009237,0.0014875588483175164
273.1201956319826,273.83991478633965,0.0014758312850642167
274.994771198639,275.7138885112536,0.0014641995802185484
276.88221301836387,277.60073037490446,0.0014526629183149143
278.78260939939634,279.5005286785385,0.0014412204911186976
280.6960492560849,281.41337232954163,0.0014298714975595577
282.62262211304585,283.33935084559783,0.0014186151436653778
284.56241810935245,285.27855435887807,0.0014074506424968285
286.5155280027535,287.2310736202588,0.0013963772140825506
288.4820431739177,289.1970000035662,0.0013853940853549736
290.4620556307102,291.1764255098525,0.0013745004900867263
292.45565801249745,293.16944277170074,0.0013636956688276604
294.4629435944812,295.17614505755864,0.0013529788688424747
296.4840062920623,297.1966262761023,0.0013423493440489324
298.5189406652362,299.2309809806313,0.0013318063549566561
300.5678419230151,301.2793043734912,0.0013213491686065244
302.630805927884,303.34169231052897,0.0013109770585106274
304.70792920028487,305.4182413055773,0.0013006893045928016
306.79930892313433,307.509048534972,0.0012904851931297206
308.90504294636725,309.6142118420957,0.001280364016692569
311.025229791519,311.73382974195954,0.0012703250740892333
313.1599686563318,313.86800142580984,0.001260367670307079
315.30935941939737,316.0168267657703,0.0012504911164562475
317.4735026448293,318.1804063195144,0.0012406947297135024
319.6524995869698,320.358841334972,0.0012309778332665977
321.8464521951237,322.5522337550631,0.0012213397562591969
324.0554631183327,324.7606862224721,0.0012117798337362802
326.2796357101746,326.9843020844467,0.0012022974065901049
328.5190740336005,329.2231853976353,0.0011928918215066554
330.77388286580305,331.47744093295483,0.0011835624309126096
333.0441677031202,333.74717418049437,0.001174308592922802
335.33003476596764,336.0324913544477,0.0011651296712882019
337.6315910038126,338.33349939808676,0.0011560250353443568
339.94894410017605,340.6503059887637,0.0011469940599603467
342.28220247766865,342.98301954294703,0.0011380361254882223
344.63147530306765,345.3317492212979,0.0011291506177129001
346.99687249242265,347.69660493377614,0.001120336927802553
349.3785047161959,350.07769734478023,0.0011115944522594727
351.77648340444506,352.47513787833003,0.001102922592871371
354.1909207520326,354.8890387232759,0.0010943207566631733
356.6219297238772,357.3195128385503,0.0010857883558492475
359.0696240602379,359.7666739584514,0.0010773248077860947
361.5341182820376,362.23063659796674,0.001068929534925477
364.0155276962186,364.71151605812867,0.0010606019647680038
366.5139684011394,367.2094284314108,0.001052341529817142
369.02955729200534,369.7244906071587,0.0010441476675336697
371.56241206634013,372.25682027706137,0.0010360198202905503
374.11265122948834,374.8065359406533,0.0010279574353282534
376.680394100165,377.3737569108644,0.0010199599647104658
379.26576081603446,379.9586033195982,0.0010120268652802514
381.8688723393327,382.56119612335465,0.001004157598616606
384.4898504625269,385.181657108889,0.0009963516309914283
387.1288178140135,387.8201088989103,0.0009886084333268954
389.7858978638552,390.4766749578177,0.0009809274811532422
392.46121492955973,393.1514795974796,0.000973308254566932
395.1548941818936,395.8446479830469,0.0009657502381892331
397.8670616507402,398.55630613881135,0.000958252921125175
400.5978442309955,401.28658095410094,0.0009508157969228962
403.3473696885074,404.03560018921894,0.0009434383635333687
406.1157666660487,406.8034924814173,0.0009361201232705178
408.9031646893422,409.590387350921,0.0009288605827716909
411.7096941731156,412.39641520698336,0.0009216592529585247
414.5354864272055,415.2217073539896,0.0009145156489981646
417.38067366270263,418.06639599760206,0.0009074292902648484
420.24538899813257,420.93061425094095,0.0009003997003018671
423.1297664656901,423.8144961408184,0.000893426406783858
426.0339410175073,426.71817661400644,0.0008865089414794722
428.95804853196495,429.6417915435485,0.0008796468402143915
431.9022258200559,432.5854777351224,0.000872839642834674
434.86661063178036,435.54937293343596,0.0008660868931704695
437.8513416625957,438.533615828676,0.0008593881390000518
440.85655855990007,441.5383460629925,0.0008527429320142118
443.88240192957227,444.56370423703817,0.0008461508277809578
446.9290133425457,447.6098319165422,0.0008396113857105714
449.996535341434,450.6768716389358,0.0008331241690209764
453.08511144720006,453.7649669200211,0.0008266887447034359
456.19488616587023,456.87426226068544,0.0008203046834885724
459.3260049952974,460.00490315366426,0.0008139715598127009
462.4786144319657,463.1570360903455,0.0008076889517844863
465.6528619778464,466.33080856762564,0.0008014564411519031
468.8488961472986,469.5263690948102,0.0007952736132695104
472.0668664740176,472.74386720056197,0.0007891400570660305
475.30692351803293,475.983453439899,0.0007830553650122285
478.5692188727496,479.2452794012358,0.0007770191330890994
481.85390517204297,482.5294977134779,0.0007710309607563447
485.1611360973994,485.83626205316267,0.0007650904509211465
488.49106638510654,489.1657271516494,0.0007591972099072339
491.84385183349326,492.518048802359,0.0007533508474242366
495.2196493102183,495.89338386806276,0.0007475509765373267
498.61861675961177,499.29189028822356,0.0007417972136371385
502.0409132100619,502.7137270863828,0.0007360891784099776
505.48669878145756,506.15905437760256,0.0007304264938082996
508.95613469267886,509.6280333759561,0.0007248087860214683
512.4493832691415,513.1208264020723,0.0007192356844467826
515.9666079503914,516.6375968907303,0.000713706821660777
519.5079732977476,520.1785093985017,0.0007082218333907929
523.073645002009,523.7437296114578,0.0007027803584867991
526.6637898911982,527.3334243529133,0.0006973820388934974
530.2785759383751,530.9477615912397,0.0006920265196226634
533.9181722694896,534.5869104477175,0.0006867134487257648
537.5827491712969,538.2510412044523,0.0006814424772668236
541.2724780993267,541.940325312343,0.0006762132592955292
544.9875316859013,545.6549353991004,0.0006710254518206101
548.7280837482152,549.3950452773264,0.0006658787147834443
552.494309296466,553.160829952645,0.0006607727110319197
556.2863845420454,556.9524656318933,0.0006557071062945313
560.1044869057802,560.7701297313619,0.0006506815691547286
563.9487950262347,564.6140008850979,0.0006456957710254914
567.8194887680698,568.4842589532632,0.0006407493861241453
571.716749230457,572.3810850305491,0.0006358420914474105
575.6407587555511,576.3046614546486,0.0006309735667466831
579.5917009370253,580.2551718147911,0.0006261434945035384
583.5697606286535,584.2328009603253,0.0006213515599054761
587.5751239529682,588.2377350093765,0.0006165974508218686
591.6079783099616,592.2701613575476,0.0006118808577801528
595.6685123858568,596.3302686866907,0.0006072014739422279
599.7569161619348,600.4182469737332,0.0006025589950810788
603.8733809234249,604.534287499569,0.0005979531195576097
608.0180992684514,608.6785828580047,0.0005933835482976997
612.1912651170488,612.8513269647747,0.0005888499847694609
616.3930737202297,617.0527150666086,0.0005843521349607168
620.6237216691238,621.2829437503713,0.0005798897073566791
624.8834069041766,625.5422109522602,0.0005754624129178338
629.1723287244075,629.8307159670647,0.0005710699650580351
633.4906877967338,634.1486594574885,0.0005667120796227988
637.8386861653645,638.4962434635447,0.0005623884748677901
642.21652726125,642.8736714120046,0.0005580988714375173
646.6244159115967,647.2811481259124,0.000553842992344224
651.0625583494576,651.7188798341762,0.0005496205629469617
655.531162223377,656.1870741812119,0.0005454313109308703
660.0304366071051,660.685940236658,0.0005412749662866421
664.5605920093824,665.2156885051601,0.0005371512612901742
669.1218403837871,669.7765309362183,0.000533059930482411
673.7143951386525,674.3686809341038,0.0005290007106493696
678.3384711470535,678.9923533678464,0.0005249733408023482
682.9942847568567,683.6477645812834,0.0005209775621583204
687.6820538008426,688.3351324031827,0.0005170131181205066
692.4019976069029,693.0546761574395,0.0005130797542591201
697.1543370082957,697.8066166733314,0.0005091772182922978
701.9392943539804,702.5911762958535,0.000505305260067201
706.7570935190229,707.4085788961233,0.000501463631541287
711.6079599150657,712.259049881851,0.0004976520867637599
716.492120500877,717.1428162078878,0.0004938703818571847
721.4098037929715,722.0601063868478,0.0004901182749992704
726.3612398762955,727.0111504997919,0.00048639552640482656
731.346660414998,731.9961802069998,0.0004827018983078753
736.3662986632696,737.0154287588078,0.0004790371549439321
741.420389476252,742.0691310065192,0.00047540106253245087
746.5091693210263,747.1575234133918,0.00047179338925942664
751.6328762876828,752.2808440657079,0.00046821390526015323
756.7917501004532,757.4393326839069,0.00046466238260214806
761.9860321289299,762.6332306338034,0.000461138595268225
767.2159653993609,767.8627809378834,0.00045764231913972324
772.4817946060164,773.1282282866696,0.00045417333197989306
777.7837661226388,778.4298190501721,0.0004507314134174291
783.1221280139737,783.7678012894193,0.0004473163449301528
788.4971300473679,789.1424247680553,0.00044392790982885147
793.9090237044629,794.5539409640337,0.00044056589324125366
799.3580621929589,800.0026030813815,0.000437230082096158
804.8445004584618,805.4886660620464,0.0004339202651077036
810.3685951964062,811.0123865978188,0.0004306362327597886
815.9306048640756,816.574023142353,0.00042737777729061956
821.5307896926862,822.17383592325,0.000424144692677414
827.1694116995652,827.8120869542364,0.00042093677462123425
832.8467347004132,833.4890400474264,0.0004177538205319597
838.5630243216416,839.2049608256593,0.00041459562951340004
844.3185480128033,844.96011673493,0.0004114620023485396
850.1135750591097,850.7547770569062,0.0004083527414849145
855.9483765940209,856.5892129215179,0.00040526765102013
861.8232256119389,862.4636973196513,0.0004022065366874999
867.7383969809798,868.3785051159205,0.00039916920584182064
873.6941674558303,874.3339130615242,0.0003961554674452763
879.6908156906959,880.3301998071934,0.0003931651320534694
885.7286222523455,886.3676459162365,0.0003901980118015744
891.8078696332303,892.4465338776574,0.00038725392039062434
897.928842264704,898.5671481193767,0.00038433267307391597
904.0918265303333,904.7297750215411,0.00038143408664353826
910.2971107792914,910.9347029299174,0.00037855797941702666
916.5449853398525,917.1822221693866,0.00037570417122413386
922.8357425329782,923.4726250575309,0.0003728724833937202
929.1696766859848,929.8062059183,0.0003700627387407688
935.5470841463272,936.1832610957955,0.0003672747615535069
941.9682632954533,942.6040889681256,0.00036450837758065493
948.4335145627689,949.0689899613689,0.0003617634140187836
954.9431404396972,955.5782665636348,0.00035903969949978537
961.4974454938225,962.1322233392066,0.00035633706407846473
968.0967363831483,968.7311669427997,0.00035365533922023266
974.741321870444,975.3754061339088,0.0003509943577889157
981.4315128376859,982.0652517912473,0.00034835395403467746
988.1676223006095,988.8010169273015,0.0003457339635820426
994.9499654233484,995.5830167029678,0.0003431342234180352
1001.7788595331834,1002.411568442303,0.00034055457188041934
1008.6546241353889,1009.2869916473694,0.00033799484864604725
1015.5775809281802,1016.2096080131834,0.00033545489471931237
1022.5480538177692,1023.1797414427699,0.0003329345524207044
1029.566368933512,1030.197718062311,0.0003304336653754713
1036.6328546431764,1037.2638662364122,0.0003279520785023771
1043.747841568295,1044.3785165834563,0.0003254896380025678
1050.9116625996419,1051.5420019910803,0.0003230461913485307
1058.1246529128082,1058.7546576317495,0.0003206215872731554
1065.3871499838774,1066.0168209784345,0.00031821567575889513
1072.6994936052192,1073.3288318204038,0.00031582830802702195
1080.0620259013904,1080.691032279125,0.0003134593365269786
1087.4750913451358,1088.103766824266,0.00031110861492582813
1094.9390367735052,1095.567382289811,0.0003087759980977971
1102.4542114040903,1103.0822278902983,0.0003064613421139086
1110.0209668513523,1110.6486552371475,0.0003041645042317148
1117.6396571430778,1118.2670183551156,0.00030188534288511624
1125.3106387369473,1125.9376736988647,0.00029962371767427266
1133.0342705372013,1133.6609801696286,0.0002973794893556082
1140.810913911443,1141.4372991320158,0.0002951525198319
1148.6409327075446,1149.266994430915,0.00029294267214245826
1156.5246932706643,1157.1504324085122,0.00029074981045339583
1164.4625644603911,1165.0879819214363,0.0002885738000479814
1172.4549176680052,1173.0800143580177,0.0002864145073170793
1180.5021268338498,1181.1269036556623,0.00028427179974967675
1188.6045684648236,1189.2290263183422,0.0002821455459234946
1196.7626216520096,1197.3867614342248,0.00028003561549567833
1204.9766680883977,1205.600490693396,0.0002779418791935782
1213.2470920867493,1213.8705984057244,0.0002758642088056069
1221.5742805975808,1222.1974715188442,0.0002738024771721792
1229.958623227262,1230.581499636254,0.0002717565581767344
1238.4005122562482,1239.0230750355497,0.00026972632673683645
1246.900342657432,1247.5225926867743,0.0002677116587953546
1255.4585121146283,1256.0804502709047,0.00026571243131172
1264.0754210411717,1264.6970481984486,0.0002637285222532647
1272.7514725986612,1273.372789628188,0.00026175981058663164
1281.4870727158147,1282.108080486035,0.00025980617626926634
1290.2826301074608,1290.9033294840233,0.0002578675002409815
1299.1385562936728,1299.7589481394414,0.0002559436644155943
1308.055265619009,1308.6753507940741,0.0002540345516726432
1317.0331752719055,1317.6529546335935,0.000252140045849174
1326.0727053041983,1326.6921797070834,0.0002502600317315986
1335.174278650765,1335.7934489466784,0.00024839439504763044
1344.3383211493249,1344.9571881873662,0.00024654302245828507
1353.5652615603594,1354.1838261869063,0.00024470580154995527
1362.8555315871681,1363.4737946458872,0.0002428826208265568
1372.2095658960695,1372.827528227926,0.00024107336970174176
1381.627802136743,1382.245464580011,0.00023927793849118042
1391.1106809626947,1391.7280443529683,0.00023749621840491448
1400.658646051888,1401.2757112220902,0.00023572810153977313
1410.2721441274855,1410.888911907879,0.00023397348087186184
1419.9516249787637,1420.5680961969606,0.00023223225024911177
1429.6975414821552,1430.3137169631273,0.00023050430438389783
1439.5103496224322,1440.1262301885206,0.00022878953884572278
1449.3905085140393,1450.0060949849646,0.00022708785005396448
1459.3384804225875,1459.9537736154596,0.00022539913527068527
1469.354730786467,1469.9697315157946,0.00022372329259350913
1479.43972823863,1480.0544373163314,0.00022206022094855792
1489.5939446285226,1490.2083628639334,0.00022040982008345053
1499.8178550441498,1500.4319832440349,0.00021877199056036549
1510.1119378343099,1510.7257768028717,0.0002171466337491626
1520.4766746309808,1521.0902251698694,0.00021553365182056477
1530.9125503718371,1531.5258132801596,0.00021393294773940351
1541.4200533229598,1542.03302939729,0.00021234442525791785
1551.999675101669,1552.6123651360565,0.00021076798890911708
1562.651910699526,1563.264315485506,0.00020920354400020012
1573.3772585054896,1573.9893788320921,0.00020765099660603306
1584.176220329248,1584.7880569830077,0.00020611025356268126
1595.049301424682,1595.6608551896468,0.00020458122246100295
1605.9970105135096,1606.6082821712503,0.00020306381164029552
1617.0198598090938,1617.6308501387132,0.00020155793018199775
1628.1183650403977,1628.7290748185403,0.00020006348790344925
1639.293045476118,1639.9034754769782,0.00019858039535170286
1650.544423948988,1651.1545749443196,0.00019710856379739057
1661.8730268802224,1662.4828996393483,0.00019564790522864632
1673.279384304161,1673.8889795939817,0.00019419833234507835
1684.764029893069,1685.373348478071,0.00019275975855179546
1696.327500982095,1696.936543624361,0.0001913320979534872
1707.9703385944135,1708.5791060536308,0.00018991526534855433
1719.6930874665516,1720.30158050002,0.0001885091762232889
1731.4962960738583,1732.1045154365006,0.00018711374674610905
1743.3805166561738,1743.9884631005434,0.0001857288937618412
1755.346305243672,1755.9539795199626,0.0001843545347860524
1767.3942216828657,1768.0016245389186,0.00018299058799943382
1779.5248296628051,1780.1319618441191,0.00018163697224223157
1791.7386967414582,1792.3455589911982,0.0001802936070087259
1804.0363943722482,1804.6429874312532,0.000178960412441761
1816.4184979308054,1817.0248225375976,0.00017763730932731912
1828.8855867418865,1829.4916436326794,0.00017632421908914348
1841.4382441064724,1842.0440340151795,0.00017502106378340892
1854.077057329056,1854.6825809872994,0.0001737277660934382
1866.802617745139,1867.4078758822577,0.00017244424932446228
1879.6155207488778,1880.220514091936,0.00017117043739842998
1892.5163658209544,1893.12109509475,0.0001699062548488593
1905.5057565566203,1906.110222483693,0.0001686516268157355
1918.5843006939322,1919.188503994572,0.0001674064790404531
1931.7526101421909,1932.3565515344465,0.00016617073786080134
1945.0113010105777,1945.614981210264,0.00016494433020599263
1958.3609936369623,1958.9644133576694,0.00016372718359173672
1971.8023126169433,1972.4054725700441,0.00016251922611535414
1985.3358868330693,1985.9387877277281,0.00016132038645093382
1998.9623494842556,1999.5649920274354,0.0001601305938445332
2012.6823381154072,2013.2847230118784,0.00015894977810941948
2026.4964946472658,2027.0986225996141,0.0001577778696213501
2040.4054654064232,2041.0073371150575,0.0001566147993138976
2054.40990115557,2055.0115173187296,0.0001554604986738125
2068.510457123948,2069.1118184377124,0.00015431489973642627
2082.707793037994,2083.308900196288,0.00015317793508109597
2097.0025731522214,2097.6034268468256,0.00015204953782668566
2111.3954662802867,2111.9960672008438,0.00015092964162708922
2125.8871458262793,2126.487494660302,0.00014981818066679096
2140.4782898162484,2141.0783872491284,0.0001487150896564628
2155.169580929904,2155.769427644917,0.00014762030382860296
2169.9617065325656,2170.5613032108818,0.00014653375893320945
2184.8553587073307,2185.4547060280206,0.00014545539123349152
2199.851234287435,2200.4503329274785,0.00014438513750161968
2214.950034888875,2215.548885523167,0.00014332293501450962
2230.15246694323,2230.7510702445893,0.00014226872154964436
2245.4592417307067,2246.0575983698836,0.00014122243538093233
2260.8710754134213,2261.4691860591042,0.00014018401527460036
2276.388689068916,2276.98655438774,0.00013915340048512197
2292.012808723883,2292.6104293804365,0.0001381305307511817
2307.7441653881338,2308.3415420449655,0.0001371153462916736
2323.5834950888184,2324.1806284064455,0.00013610778780173284
2339.531538904839,2340.1284295417545,0.0001351077964488041
2355.5890430015424,2356.185691614221,0.00013411531386874108
2371.756758665617,2372.353165908524,0.00013313028216194143
2388.035442340249,2388.6316088658473,0.00013215264388951377
2404.425855660514,2405.0217821192705,0.00013118234206947808
2420.9287654890186,2421.524452529412,0.00013021932017299794
2437.5449439517656,2438.1403922202926,0.0001292635221206466
2454.2751684742875,2454.8703786154715,0.00012831489227870365
2471.1202218180274,2471.715194474424,0.00012737337545548342
2488.08089211695,2488.6756279291553,0.00012643891689769618
2505.157972914413,2505.7524725210696,0.0001255114622868395
2522.3522632003196,2522.9465272381235,0.00012459095773561957
2539.664567448472,2540.2585965521807,0.00012367734978440553
2557.095695654224,2557.689490456663,0.00012277058539771215
2574.646463372388,2575.2400245044564,0.00012187061196071273
2592.317691755365,2592.9110198460444,0.00012097737727578377
2610.1102075915906,2610.70330326795,0.00012009082955907616
2628.024843344212,2628.6177072314167,0.00011921091743711764
2646.0624371900262,2646.6550699113427,0.00011833758994344432
2664.2238330587033,2664.8162352355066,0.00011747079651525997
2682.509880672279,2683.10205292406,0.00011661048699012406
2700.9214355848976,2701.5133785292687,0.00011575661160266875
2719.4593592228384,2720.051073475541,0.00011490912098134364
2738.124518924845,2738.7160050997563,0.00011406796614518674
2756.917787982676,2757.509046691815,0.00011323309850062556
2775.8400456819772,2776.4310775355107,0.0001124044698383036
2794.8921773434313,2795.4829829496816,0.00011158203232993378
2814.075074364151,2814.6656543296026,0.00011076573852518053
2833.3896342594107,2833.9799891887155,0.000109955541348566
2852.8367607046375,2853.426891200623,0.00010915139409640373
2872.4173635776747,2873.0072702413477,0.00010835325043375901
2892.1323590013635,2892.7220424319203,0.000107561064391434
2911.9826693864097,2912.5721301812387,0.00010677479036297863
2931.9692234745407,2932.5584622292317,0.00010599438310172721
2952.092956381934,2952.681973690283,0.00010521979771786103
2972.354809643012,2972.943606097028,0.00010445098967549324
2992.755731254456,2993.3443074443667,0.00010368791478978164
3013.2966757195777,3013.8850322338367,0.0001029305292240639
3033.9786040929853,3034.5667415182775,0.00010217878948701732
3054.8024840255207,3055.3904029467694,0.00010143265242984397
3075.76928980956,3076.356990809932,0.00010069207524347785
3096.8800024245957,3097.467486085508,0.00009995701545581654
3118.135609583117,3118.722876484243,0.00009922743092897686
3139.5371057768334,3140.124156496109,0.00009850327985657292
3161.0854923232114,3161.6723274368414,0.00009778452076101711
3182.781777412304,3183.368397494767,0.00009707111249084495
3204.6269761539475,3205.213381778003,0.00009636301421806101
3226.622110625222,3227.2083023619166,0.00009566018543550918
3248.7682099182985,3249.3541883369708,0.00009496258595426325
3271.0663101885875,3271.652075856875,0.00009427017590104033
3293.517454703202,3294.1030081870463,0.0000935829157156367
3316.1226938897657,3316.708035753419,0.00009290076614838475
3338.8830853855916,3339.468216191622,0.00009222368825763041
3361.7996940871317,3362.38461439643,0.00009155164340723391
3384.8735921998123,3385.4583025715974,0.00009088459326409001
3408.1058592882123,3408.6903602800357,0.00009022249979566935
3431.497582326551,3432.081874494305,0.00008956532526758136
3455.0498557495553,3455.633939647477,0.00008891303224115677
3478.7637815036796,3479.3476576843573,0.00008826558357105052
3502.640469098628,3503.224138113006,0.00008762294240286593
3526.6810356592955,3527.264498056682,0.00008698507217079737
3550.8866059780335,3551.4698623061036,0.00008635193659529336
3575.25831256726,3575.8413633720634,0.0000857234996807399
3599.797295712445,3600.3801415384096,0.00008509972571316275
3624.504703525487,3625.087344915428,0.00008448057925794832
3649.381691998413,3649.964129493533,0.00008386602515758496
3674.4294250574517,3675.0116591973524,0.00008325602852942278
3699.6490746175205,3700.231105940204,0.00008265055476345156
3725.0418206370273,3725.623649678903,0.00008204956952009844
3750.6088511730904,3751.1904784689796,0.00008145303872804328
3776.3513624371385,3776.932788520282,0.00008086092858205226
3802.2705588508416,3802.8517842529027,0.00008027320554083068
3828.367653102494,3828.948678353566,0.0000796898363248924
3854.6438662037535,3855.224691832363,0.00007911078791444764
3881.1004275467494,3881.6810540798633,0.00007853602754730907
3907.7385749616005,3908.319002924631,0.00007796552271681485
3934.559554774365,3935.1397846911746,0.00007739924116976838
3961.5646218653133,3962.1446542582203,0.00007683715090439688
3988.7550397276545,3989.3348751174385,0.00007627922016832581
4016.132080526667,4016.7117194325733,0.00007572541745657025
4043.6970251591924,4044.2764680989385,0.00007517571150954393
4071.4511633135803,4072.0304108033606,0.0000746300713110841
4099.395793530042,4099.974846084532,0.00007408846608649274
4127.532223261369,4128.111081393733,0.00007355086530059532
4155.861768934137,4156.44043315603,0.00007301723865581426
4184.385756010299,4184.964226831874,0.00007248755609025917
4213.105519049179,4213.683796979092,0.00007196178777583328
4242.022401769911,4242.600487315327,0.00007143990411635546
4271.137757114348,4271.715650780941,0.000070921875745697
4300.45294731031,4301.030649602277,0.00007040767352593559
4329.9693439353505,4330.546855355407,0.00006989726854552329
4359.68832798093,4360.265649030322,0.0000693906321174701
4389.611289917004,4390.1884210955095,0.00006888773577754326
4419.739629757113,4420.316571563048,0.00006838855128248041
4450.074757123855,4450.651510054078,0.00006789305060821878
4480.618091314855,4481.194655864773,0.00006740120594813824
4511.371061369164,4511.947438032737,0.00006691298971131929
4542.335106134119,4542.911295403865,0.00006642837452081563
4573.511674332684,4574.087676699682,0.00006594733321194046
4604.90222463118,4605.478040585076,0.00006546983883056841
4636.508225707596,4637.0838557366105,0.00006499586463144948
4668.331156320256,4668.906600911186,0.00006452538407653896
4700.372505377025,4700.947765015248,0.00006405837083334008
4732.633772004982,4733.208847174464,0.00006359479877326043
4765.11646562053,4765.691356803826,0.00006313464196998268
4797.822106000052,4798.396813678316,0.00006267787469784794
4830.752223350993,4831.326748003977,0.00006222447143025317
4863.908358383444,4864.482700489508,0.00006177440683806182
4897.2920623822765,4897.86622241839,0.00006132765578802672
4930.904897279672,4931.478875721419,0.0000608841933412274
4964.748435728218,4965.322233049804,0.0000604439947515194
4998.824261174512,4999.3978778487635,0.00006000703546399638
5033.133967933193,5033.707404431569,0.00005957329111346583
5067.679161261583,5068.252418054173,0.00005914273752293624
5102.461457434786,5103.034534990319,0.00005871535070211727
5137.482483821284,5138.055382607132,0.000058291106845932656
5172.743878959094,5173.316599441274,0.00005786998233304486
5208.247292632443,5208.819835275626,0.00005745195372439192
5243.994385948933,5244.566751216446,0.00005703699776173678
5279.986831417255,5280.559019771085,0.000056625091366228454
5316.226313025489,5316.798324926288,0.00005621621163697434
5352.714526319835,5353.286362226926,0.00005581033584962552
5389.453178483973,5390.024838855351,0.0000554074414549728
5426.443988418949,5427.015473711289,0.00005500750607755444
5463.688686823547,5464.259997492206,0.00005461050751427605
5501.189016275336,5501.76015277436,0.00005421642373304053
5538.9467313121395,5539.517694094264,0.00005382523287139071
5576.963598514148,5577.5343880308055,0.000053436913235162196
5615.2413965865835,5615.812013287907,0.000053051443297147536
5653.781916442912,5654.352360777739,0.000052668801695771466
5692.586961288625,5693.157233704502,0.00005228896723377711
5731.658346705601,5732.228447648787,0.00005191191887692293
5770.997900737095,5771.567830652568,0.00005153763575268979
5810.607463973217,5811.177223304676,0.00005116609714899974
5850.488889637069,5851.058478826939,0.00005079728251294446
5890.644043671478,5891.213463160914,0.00005043117144952415
5931.074804826233,5931.644055055124,0.00005006774372039763
5971.783064746046,5972.352146153021,0.00004970697924264148
6012.77072805905,6013.33964108148,0.000049348858087520035
6054.039712465878,6054.608457539881,0.00004899336047926562
6095.591948829411,6096.1605263898555,0.000048640466793868325
6137.4293812651285,6137.997791745639,0.00004829015755787572
6179.553967232046,6180.122211065006,0.000047942413447202834
6221.967677624282,6222.535755240839,0.000047597215285951594
6264.672496863342,6265.240408693409,0.00004725454404523947
6307.6704229908855,6308.23816946315,0.000046914380842038636
6350.963467762246,6351.531049304169,0.00004657670693802393
6394.553656740575,6395.121073778398,0.000046241503738430234
6438.44302939155,6439.010282350297,0.00004590875279091984
6482.633639178853,6483.200728482336,0.000045578435784458185
6527.127553660242,6527.694479731065,0.0000452505345481992
6571.92685458425,6572.493617843813,0.00004492503105038002
6617.033637987609,6617.60023885611,0.00004460190739722427
6662.450014293333,6663.016453189775,0.00004428114583185429
6708.178108409428,6708.744385751621,0.000043962728733212666
6754.220059828304,6754.786176032868,0.00004364663861499233
6800.578022726937,6801.1439782093075,0.00004333285812457486
6847.254166067579,6847.819961242012,0.000043021370041978484
6894.250673699296,6894.8163089788695,0.00004271215727881365
6941.569744460132,6942.1352202567505,0.00004240520287724761
6989.213592279939,6989.778909004337,0.00004210049000897765
7037.184446284024,7037.74960434577,0.00004179800197421192
7085.484550897429,7086.049550704933,0.00004149772220065914
7134.116165949913,7134.681007910423,0.000041199634242526516
7183.0815667817,7183.646251301312,0.00004090372177952558
7232.38304434996,7232.947571833619,0.000040609968615886
7282.022905335944,7282.587276187448,0.00004031835867937799
7332.003472252975,7332.567686874979,0.00004002887602034178
7382.327083555031,7382.891142349049,0.00003974150481072595
7432.996093746218,7433.559997112631,0.000039456229343132684
7484.012873490929,7484.576621828985,0.000039173034029871205
7535.379809724726,7535.943403432544,0.000038891903402018975
7587.099305766013,7587.662745240588,0.000038612822108490424
7639.173781428549,7639.737067065756,0.00003833577491511278
7691.605673134587,7692.168805329182,0.00003806074670371022
7744.3974340289005,7744.960413174526,0.00003778772247119479
7797.551534093579,7798.114360582768,0.00003751668732866482
7851.07046026355,7851.633134487729,0.00003724762650051092
7904.956716542953,7905.519238892445,0.00003698052532352889
7959.212824122332,7959.7751949863605,0.000036715369246039774
8013.841321496515,8014.403541263208,0.00003645214382701758
8068.84476458345,8069.406833639844,0.00003619083473522329
8124.225726843791,8124.787645575831,0.00003593142774834625
8179.986799401259,8180.548568193809,0.000035673908752152686
8236.130591163876,8236.692210400714,0.00003541826373964091
8292.659728946095,8293.221199009922,0.000035164478810202964
8349.576857591625,8350.138178864068,0.00003491254016879384
8406.884640097203,8407.445812958818,0.00003466243412510674
8464.58575773721,8465.146782567483,0.00003441414709275526
8522.682910189103,8523.243787366457,0.00003416766558846206
8581.178815659705,8581.739545561499,0.000033922976231254355
8640.07621101241,8640.63679401495,0.000033680065741665505
8699.37785189523,8699.938288373763,0.00003343892094094324
8759.086512869702,8759.64680319843,0.00003319952875026434
8819.20498754076,8819.76513209283,0.000032961876189955346
8879.736088687367,8880.29608783489,0.00003272595037871995
8940.682648394131,8941.24250250817,0.000032491738532872435
9002.047518183883,9002.607227634466,0.00003225922796557692
9063.833569151004,9064.393134307124,0.00003202840608609338
9126.043692095784,9126.603113325406,0.00003179926039902932
9188.680797659712,9189.24007532977,0.00003157177850359741
9251.7478164616,9252.306950938006,0.00003134594809287939
9315.247699234724,9315.806690882366,0.0000311217569530957
9379.183416964912,9379.742266147661,0.00003089919296288084
9443.557961029468,9444.116668110184,0.00003067824409256501
9508.374343337206,9508.932908677732,0.000030458898403460944
9573.635596469361,9574.194020430537,0.000030241144047156795
9639.344773821438,9639.903056763096,0.000030024969264814754
9705.504949746064,9706.063092027034,0.000029810362386475185
9772.11921969691,9772.677221675025,0.000029597311830366106
9839.190700373427,9839.748562405524,0.0000293858061022187
9906.722529866705,9907.280252308628,0.000029175833794587967
9974.717867806328,9975.275451012934,0.000028967383586178756
10043.179895508129,10043.737339833286,0.000028760444241177606
10112.11181612311,10112.669121919704,0.00002855500460858941
10181.516854787284,10182.074022407223,0.000028351053621579758
10251.398258772528,10251.955288566742,0.00002814858029682254
10321.759297638544,10322.31618995699,0.000027947573733852557
10392.603263385883,10393.160018577546,0.000027748023114423298
10463.933470609923,10464.490089022822,0.00002754991770187009
10535.753256655886,10536.309738637075,0.000027353246840478393
10608.065981775135,10608.622327670708,0.000027157999954856532
10680.875029282213,10681.431239437305,0.00002696416654931439
10754.1838057133,10754.739880472089,0.000026771736207246094
10827.995740985525,10828.551680691238,0.000026580698590518275
10902.314288557372,10902.870093552288,0.000026391043438863202
10977.142925590402,10977.69859621585,0.000026202760569276207
11052.48515311186,11053.040689708232,0.00002601583987541848
11128.34449617842,11128.899899085161,0.000025830271327024598
11204.724504041273,11205.279773596894,0.000025646044969314193
11281.628750311991,11282.183886854069,0.000025463150922409203
11359.060833129904,11359.615836995083,0.000025281579380754887
11437.024375330366,11437.57924685436,0.00002510132061254604
11515.523024614213,11516.077764131815,0.000024922364959157675
11594.560453718486,11595.115061563563,0.00002474470283458005
11674.140360588297,11674.694837093795,0.00002456832472485823
11754.266468549793,11754.820814047744,0.00002439322118753627
11834.942526484394,11835.496741305915,0.00002421938285110568
11916.172309004105,11916.7263934794,0.000024046800414458495
11997.959616628288,11998.513571086653,0.00002387546464634416
12080.30827596128,12080.862100731107,0.000023705366384831512
12163.222139871601,12163.775835280378,0.000023536496536774255
12246.705087672151,12247.258654046465,0.000023368846077281173
12330.761025301632,12331.314462967175,0.000023202406049190598
12415.393885507472,12415.947194789042,0.00002303716756254851
12500.607628029626,12501.160809251127,0.00002287312179409152
12586.406239786022,12586.959293270469,0.00002271025998673326
12672.793735059018,12673.346661128544,0.000022548573449055275
12759.774155683148,12760.326954658998,0.000022388053554802005
12847.351571234372,12847.904243436915,0.00002222869174237931
12935.530079220414,12936.082624969136,0.00002207047951435741
13024.313805272417,13024.866224885933,0.00002191340843697771
13113.706903338018,13114.25919713407,0.00002175747013966333
13203.713555875784,13204.265724171242,0.000021602656314533507
13294.33797405071,13294.89001716158,0.000021448958715922265
13385.584397931441,13386.136316172864,0.000021296369159900244
13477.457096688562,13478.008890374815,0.00002114487952380082
13569.960368794267,13570.51203823877,0.000020994481745749923
13663.098542223632,13663.65008773895,0.00002084516782419919
13756.87597465703,13757.427396554873,0.00002069692981746321
13851.297053683962,13851.848352275189,0.000020549759843260373
13946.366197008387,13946.917372603008,0.00002040365007825719
14042.087852655477,14042.638905562657,0.000020258592757616186
14138.466499179674,14139.017429707736,0.00002011458017454756
14235.506645874138,14236.057454330561,0.000019971604679864417
14333.212832981899,14333.763519673328,0.000019829658681541127
14431.589631908164,14432.140197140407,0.0000196887346442756
14530.641645434267,14531.192089512298,0.000019548825089054747
14630.373507932893,14630.923831160859,0.000019409922592723633
14730.789885585093,14731.34008826631,0.000019272019787557597
14831.895476598478,14832.44555903544,0.000019135109360838174
14933.695011427097,14934.244973921472,0.000018999184054432115
15036.193252992673,15036.743095845311,0.000018864236664373894
15139.3949969075,15139.944720418434,0.00001873026004045135
15243.305071698891,15243.854676167337,0.000018597247085794528
15347.92833903502,15348.477824759382,0.000018465190756468005
15453.269693952294,15453.81906123017,0.000018334084061066367
15559.334065084602,15559.883314212775,0.00001820392006031255
15666.126414893655,15666.67554616811,0.00001807469186665988
15773.651739901392,15774.200753617306,0.000017946392643896686
15881.915070923656,15882.46396737541,0.000017819015606754394
15990.921473305476,15991.470252786648,0.00001769255402051871
16100.676047158251,16101.22470996163,0.000017567001200643507
16211.183927598284,16211.732474015864,0.000017442350512368083
16322.450284986926,16322.998715309908,0.00001731859537033744
16434.480325172728,16435.02863969153,0.000017195729238225165
16547.27928973473,16547.827488738978,0.000017073745628359796
16660.85245622795,16661.40054000649,0.000016952638101353636
16775.205138430185,16775.75310727108,0.00001683240026573477
16890.34268659055,16890.890540781093,0.000016713025777582005
17006.270487680016,17006.818227506712,0.000016594508340162333
17122.9939656432,17123.54159139179,0.000016476841703571716
17240.518581652395,17241.066093607842,0.000016360019664378164
17358.84983436281,17359.39723280931,0.00001624403606526817
17477.99326017009,17478.540545391075,0.00001612888479469534
17597.954433469236,17598.501605747373,0.0000160145597865322
17718.73896691531,17719.286026532496,0.000015901055019724676
17840.352511686284,17840.899458923668,0.00001578836451794893
17962.800757747158,17963.347592885126,0.000015676482349271426
18086.089434116435,18086.63615743462,0.00001556540262581113
18210.224309134046,18210.770920911324,0.000015455119503404687
18335.211190731177,18335.757691245675,0.000015345627181274173
18461.05592670203,18461.602316231125,0.000015236919901697372
18587.764404977686,18588.310683798016,0.000015128991949680405
18715.342553901148,18715.8887222886,0.000015021837652633552
18843.79634250496,18844.342400734684,0.000014915451380048978
18973.131780790533,18973.677729136936,0.000014809827543181181
19103.354920009253,19103.90075874601,0.000014704960594730026
19234.471852945484,19235.017582345532,0.000014600845028526285
19366.488714201918,19367.034334537457,0.0000144974753792193
19499.411680486264,19499.95719202877,0.000014394846221967583
19633.246970900535,19633.792373920754,0.00001429295217213133
19768.000847231884,19768.54614199984,0.000014191787884967673
19903.679614245477,19904.22480103046,0.000014091348055328263
20040.289619979736,20040.834699050323,0.000013991627417358963
20177.83725604304,20178.382227667083,0.00001389262074420228
20316.328957913083,20316.873822357724,0.000013794322847701667
20455.771205237663,20456.31596276932,0.000013696728578108588
20596.17052213811,20596.715173022494,0.000013599832823791436
20737.533477514422,20738.078022016532,0.000013503630510946995
20879.866685352496,20880.41112373662,0.000013408116603314138
21023.176805033836,21023.72113756356,0.000013313286101889507
21167.47054164682,21168.01476858502,0.00001321913404464577
21312.7546463007,21313.29876790955,0.000013125655506251701
21459.035916441328,21459.57993298231,0.000013032845597794681
21606.32119616913,21606.865107903017,0.00001294069946650534
21754.617376559345,21755.161183746222,0.000012849212295484252
21903.931395984746,21904.475098884,0.000012758379303430594
22054.27024043975,22054.81383931007,0.000012668195744373428
22205.64094386758,22206.18443896698,0.000012578656907404541
22358.0505884894,22358.593980075195,0.000012489758116413542
22511.506305135554,22512.049593464373,0.000012401494729825107
22666.01527357923,22666.558458907024,0.000012313862140338155
22821.58472287243,22822.127805454467,0.000012226855774667064
22978.22193168402,22978.764911774888,0.000012140471093284996
23135.934228640548,23136.477106494152,0.00001205470359016898
23294.728992669003,23295.27176853858,0.000011969548792547174
23454.613653341894,23455.156327480003,0.00001188500226064813
23615.59569122521,23616.138263883742,0.000011801059587451685
23777.682638228027,23778.225109658197,0.000011717716398442218
23940.882077955288,23941.42444840765,0.000011634968351363372
24105.20164606223,24105.74391578667,0.00001155281113597511
24270.649030611974,24271.191199857712,0.000011471240473812254
24437.231972435107,24437.774041450706,0.000011390252117945135
24604.958265491667,24605.500234525025,0.000011309841852742129
24773.83575723617,24774.377626534533,0.000011230005493633742
24943.87234898438,24944.41411879433,0.000011150738886878907
25115.07599628332,25115.617666850794,0.000011072037909332728
25287.454709283353,25287.996280853633,0.00001099389846821625
25461.0165531128,25461.558025930513,0.000010916316500887991
25635.769648255584,25636.311022564718,0.000010839287974617076
25811.722170931032,25812.26344697492,0.000010762808886358271
25988.882353476234,25989.42353149757,0.000010686875262528803
26167.2584847316,26167.799564972436,0.000010611483158786648
26346.858910428236,26347.39989312998,0.000010536628659810873
26527.6920335788,26528.232918982227,0.000010462307879083346
26709.766314870496,26710.307103215735,0.000010388516958672341
26893.0902730608,26893.63096458735,0.000010315252069017791
27077.672485376166,27078.2130803229,0.000010242509408718117
27263.52158791342,27264.06208651857,0.000010170285204318688
27450.646276043713,27451.186678544887,0.000010098575710102011
27639.055304819194,27639.59561145337,0.000010027377207879545
27828.75748938302,27829.297700386553,9.956686006784913e-6
28019.761705381345,28020.301820989964,9.886498443069024e-6
28212.07688937898,28212.616909827793,9.816810879896451e-6
28405.712039277343,28406.25196480084,9.747619707143594e-6
28600.67621473528,28601.216045567326,9.678921341198389e-6
28796.978537593262,28797.518273967115,9.610712224761372e-6
28994.628192300042,28995.167834448337,9.542988826648458e-6
29193.634426342207,29194.17397449697,9.475747641595226e-6
29394.00655067699,29394.546005069642,9.408985190062611e-6
29595.75394016801,29596.293301029353,9.342698018044095e-6
29798.88603402378,29799.42530158401,9.276882696874472e-6
30003.412336239162,30003.951510727875,9.211535823040086e-6
30209.342416040396,30209.88149768658,9.146654017990349e-6
30416.685908332634,30417.224897364675,9.0822339279509e-6
30625.452514150547,30625.991410796232,9.018272223738178e-6
30835.65200111265,30836.190805599166,8.954765600575228e-6
31047.29420387778,31047.832916431722,8.891710777909232e-6
31260.389024605705,31260.927645453066,8.829104499230114e-6
31474.94643342021,31475.48496278639,8.766943531890758e-6
31690.976468875444,31691.51490698526,8.705224666928579e-6
31908.489238425725,31909.027585503394,8.64394471888837e-6
32127.494918898585,32128.03317516774,8.583100525646525e-6
32348.00375697076,32348.541922654447,8.52268894823668e-6
32570.026069647432,32570.564144968113,8.462706870676702e-6
32793.57224474538,32794.11022992494,8.403151199796824e-6
33018.652741378464,33019.19063663819,8.344018865069368e-6
33245.278090447464,33245.81589600808,8.285306818439502e-6
33473.458895132564,33473.99661121421,8.227012034157471e-6
33703.205831389285,33703.74345821152,8.169131508612101e-6
33934.52964844833,33935.067186230146,8.111662260165448e-6
34167.44116931837,34167.978618278175,8.054601328988832e-6
34401.95129129218,34402.48865164782,7.997945776900149e-6
34638.07098645696,34638.60825842572,7.941692687202252e-6
34875.81130220712,34876.34848600569,7.885839164522823e-6
35115.18336176195,35115.72045760648,7.830382334655145e-6
35356.19836468508,35356.73537279115,7.775319344400491e-6
35598.867587409244,35599.404507991865,7.720647361411332e-6
35843.20238376361,35843.739217037226,7.666363574035967e-6
36089.21418550474,36089.750931683244,7.612465191164339e-6
36336.91450285199,36337.45116214872,7.558949442074852e-6
36586.31492502547,36586.8514976532,7.5058135762826095e-6
36837.42712078873,36837.963606959675,7.4530548633885706e-6
37090.26283899455,37090.79923892039,7.400670592930002e-6
37344.83390913438,37345.37022302622,7.348658074232092e-6
37601.15224189233,37601.68846996074,7.29701463626052e-6
37859.22982970186,37859.765972156856,7.2457376274753915e-6
38119.07874730737,38119.614804358425,7.1948244156860606e-6
38380.71115232897,38381.24712418501,7.1442723879072e-6
38644.13928583108,38644.67517270048,7.094078950215959e-6
38909.37547289527,38909.91127498587,7.044241527610166e-6
39176.432123197475,39176.96784071658,6.994757563867514e-6
39445.32173158764,39445.857364742,6.94562452140611e-6
39716.05687867489,39716.59242767073,6.896839881145795e-6
39988.65023141621,39989.185696459215,6.848401142370616e-6
40263.114543708965,40263.649925004276,6.8003058225923844e-6
40539.46265698732,40539.99795473956,6.752551457415286e-6
40817.707500823686,40818.24271523695,6.705135600401381e-6
41097.86209353298,41098.39722481082,6.65805582293733e-6
41379.93954278228,41380.47459112771,6.6113097141019396e-6
41663.953046203875,41664.488011819405,6.564894880534834e-6
41949.91589201247,41950.45077510007,6.518808946306141e-6
42237.8414596275,42238.376260388635,6.4730495527870205e-6
42527.74322029848,42528.277938934065,6.427614358521385e-6
42819.63473773588,42820.16937444633,6.382501039098379e-6
43113.529668745156,43114.06422373035,6.337707287026036e-6
43409.44176386621,43409.97623732553,6.293230811605702e-6
43707.38486801658,43707.91926014887,6.249069338807535e-6
44007.37292113888,44007.907232142476,6.2052206111469626e-6
44309.41995885364,44309.95418892638,6.16168238756193e-6
44613.5401131153,44614.07426245448,6.118452443291287e-6
44919.747612874,44920.28168167644,6.075528569753899e-6
45228.05678474111,45228.59077320309,6.032908574428795e-6
45538.48205365926,45539.01596197657,5.990590280736227e-6
45851.03794357741,45851.571771945324,5.9485715279195795e-6
46165.73907813098,46166.27282674428,5.906850170928106e-6
46482.60018132498,46483.13385037794,5.8654240803007855e-6
46801.63607822353,46802.16966790991,5.824291142050824e-6
47122.86169564359,47123.39520615666,5.783449257551107e-6
47446.29206285313,47446.82549438567,5.742896343420562e-6
47771.942312274085,47772.475665018355,5.70263033141137e-6
48099.82768019096,48100.360954338736,5.662649168296942e-6
48429.96350746296,48430.49670320553,5.622950815760897e-6
48762.36524024243,48762.89835777057,5.58353325028671e-6
49097.048430697214,49097.58147020123,5.5443944630483196e-6
49434.028737738045,49434.561699407735,5.505532459801553e-6
49773.321927751844,49773.854811776524,5.466945260776256e-6
50114.94387533859,50115.476681907094,5.4286309005694194e-6
50458.910564054895,50459.44329335556,5.390587428038919e-6
50805.23808716094,50805.770739381616,5.352812906198251e-6
51153.94264837423,51154.47522370229,5.315305412111884e-6
51505.04056262737,51505.573061249714,5.278063036791518e-6
51858.5482568311,51859.08067893412,5.2410838850931274e-6
52214.48227064358,52215.01461641322,5.204366075614666e-6
52572.85925724331,52573.391526865016,5.167907740594726e-6
52933.695984109545,52934.22817776829,5.131707025811726e-6
53297.0093338053,53297.541451685574,5.095762090484148e-6
53662.81630476854,53663.34834705438,5.060071107171242e-6
54031.13401210641,54031.665978981364,5.024632261674712e-6
54401.979688397325,54402.51158004447,4.98944375294092e-6
54775.37068449575,54775.90250109769,4.954503792964085e-6
55151.324470344836,55151.856212083716,4.9198106066899935e-6
55529.858635793884,55530.390302851374,4.885362431920512e-6
55910.990891421076,55911.52248397839,4.8511575192188445e-6
56294.739069361814,56295.27058759969,4.81719413181551e-6
56681.121124143785,56681.6525682425,4.783470545514931e-6
57070.15513352611,57070.68650366547,4.749985048602876e-6
57461.85929934597,57462.390595705336,4.716735941754444e-6
57856.25194836985,57856.78317112812,4.683721537942849e-6
58253.351533150664,58253.88268248628,4.6509401623488814e-6
58653.17663289191,58653.70770898284,4.6183901522709645e-6
59055.74595431601,59056.276957339775,4.5860698570360195e-6
59461.07833254036,59461.609262674036,4.553977637910864e-6
59869.19273195824,59869.72358937843,4.522111868014375e-6
60280.1082471257,60280.639032008585,4.4904709322303045e-6
60693.844103655734,60694.37481617701,4.459053227120673e-6
61110.41965911736,61110.9502994523,4.427857160839889e-6
61529.85440394113,61530.38497226454,4.396881153049516e-6
61952.16796233121,61952.69845881746,4.3661236348336324e-6
62377.380093183834,62377.91051800685,4.335583048614833e-6
62805.510691011536,62806.04104434479,4.305257848070895e-6
63236.57978687353,63237.110068890055,4.275146498052079e-6
63670.60754931371,63671.1377601861,4.245247474498972e-6
64107.61428530388,64108.14442520428,4.2155592643610245e-6
64547.62044119348,64548.15051029361,4.186080365515698e-6
64990.64660366713,64991.176602138265,4.156809286688135e-6
65436.71350070677,65437.24342871973,4.127744547371561e-6
65885.84200256238,65886.37186028757,4.098884677748149e-6
66338.05312272804,66338.58291033543,4.070228218610569e-6
66793.3680189249,66793.89773658403,4.041773721284115e-6
67251.80799409121,67252.33764197117,4.0135197475493825e-6
67713.39449737947,67713.92407564893,3.985464869565519e-6
68178.14912515959,68178.67863398678,3.957607669794093e-6
68646.09362202891,68646.62306158165,3.929946740923538e-6
69117.24988183065,69117.7792522763,3.902480685794071e-6
69591.639948677,69592.16925018255,3.875208117323314e-6
70069.28601798159,70069.81525071355,3.848127658432327e-6
70550.21043749752,70550.739601622,3.8212379419723e-6
71034.43570836245,71034.96480404513,3.794537610651775e-6
71521.98448615232,71522.51351355847,3.7680253169643475e-6
72012.87958194083,72013.40854123529,3.7416997231169825e-6
72507.14396336648,72507.67285471367,3.715559500958853e-6
73004.80075570743,73005.32957927136,3.6896033319106846e-6
73505.87324296375,73506.401998908,3.663829906894625e-6
74010.38486894651,74010.91355743427,3.63823792626467e-6
74518.35923837427,74518.88785956828,3.612826099737616e-6
75029.8201179783,75030.34867204091,3.5875931463244607e-6
75544.79143761417,75545.3199247073,3.562537794262386e-6
76063.29729138085,76063.82571166602,3.5376587809472437e-6
76585.36193874912,76585.89029238746,3.5129548528664764e-6
77111.00980569537,77111.53809284758,3.488424765532647e-6
77640.26548584549,77640.79370667184,3.4640672834173556e-6
78173.15374162506,78173.68189628547,3.439881179885723e-6
78709.69950541767,78710.22759407159,3.415865237131353e-6
79249.92788073164,79250.45590353817,3.392018246111753e-6
79793.86414337499,79794.3921004928,3.3683390064842393e-6
80341.53374263743,80342.06163422478,3.3448263265423494e-6
80892.96230248148,80893.49012869624,3.3214790231526986e-6
81448.17562274066,81448.70338374031,3.2982959216923463e-6
82007.19968032751,82007.72737626913,3.275275855986564e-6
82570.06063044844,82570.5882614887,3.252417668247128e-6
83136.7848078277,83137.31237412286,3.2297202090110395e-6
83707.3987279389,83707.92622964486,3.2071823370797377e-6
84281.92908824653,84282.45652551876,3.184802919458697e-6
84860.40276945465,84860.93014244827,3.1625808312975373e-6
85442.846836764,85443.3741456337,3.1405149558305785e-6
86029.2885411395,86029.81578603957,3.1186041843177725e-6
86619.75532058385,86620.28250166823,3.0968474159861732e-6
87214.27480142258,87214.80191884481,3.0752435579717413e-6
87812.874799596,87813.40185350922,3.0537915252616527e-6
88415.58332196013,88416.11031251708,3.0324902406370305e-6
89022.42856759833,89022.95549495138,3.011338634616042e-6
89633.4389291392,89633.96579344035,2.990335645397512e-6
90248.64299408643,90249.16979548728,2.9694802188048597e-6
90868.0695461549,90868.59628480667,2.9487713082305443e-6
91491.74756661867,91492.27424267218,2.9282078745808365e-6
92119.70623566635,92120.23284927208,2.9077888862210613e-6
92751.97493376587,92752.5014850739,2.8875133189212446e-6
93388.58324304034,93389.10973220035,2.8673801558021063e-6
94029.56094865069,94030.087375812,2.8473883872815423e-6
94674.93804019045,94675.46440550202,2.8275370110214182e-6
95324.74471308848,95325.27101669887,2.8078250318748104e-6
95979.01137002118,95979.53761207858,2.7882514618336406e-6
96637.7686223352,96638.29480298745,2.7688153199766767e-6
97301.04729148113,97301.57341087566,2.7495156324178846e-6
97968.87841045296,97969.40446873686,2.7303514322552794e-6
98641.2932252417,98641.81922256167,2.7113217595200346e-6
99318.3231962972,99318.84913279959,2.6924256611260174e-6
100000.,100000.52587583076,2.673662190819702e-6
